{
  "D3S1358": {
    "10": 5.21594e-05,
    "11": 0.0046421909,
    "12": 5.21594e-05,
    "13": 0.0032860407,
    "14": 0.1322240269,
    "15": 0.2635090535,
    "16": 0.2366990481,
    "17": 0.2040480415,
    "18": 0.1393700283,
    "19": 0.0150219031,
    "20": 0.0009910292,
    "21": 0.000104319
  },
  "TH01": {
    "5": 0.0030252481,
    "6": 0.2146878655,
    "7": 0.2080638697,
    "8": 0.0922696422,
    "8.3": 0.0001564779,
    "9": 0.1333719165,
    "9.3": 0.3404967867,
    "10": 0.0077717151,
    "10.3": 0.0001043189,
    "11": 5.21594e-05
  },
  "D21S11": {
    "24": 5.21648e-05,
    "24.2": 0.000521648,
    "24.3": 5.21648e-05,
    "25": 0.000625978,
    "25.2": 0.000521648,
    "26": 0.0024517499,
    "27": 0.0393844977,
    "28": 0.1682839901,
    "28.2": 0.00010433,
    "28.3": 5.21648e-05,
    "29": 0.2231089868,
    "29.2": 0.000521648,
    "29.3": 0.000573813,
    "30": 0.2500259852,
    "30.2": 0.0357328979,
    "31": 0.0794991953,
    "31.2": 0.0765257955,
    "32": 0.0152320991,
    "32.2": 0.0758476955,
    "33": 0.0015649499,
    "33.2": 0.0263431984,
    "34": 0.00010433,
    "34.1": 5.21648e-05,
    "34.2": 0.0026604098,
    "35": 0.00010433,
    "35.2": 5.21648e-05
  },
  "D18S51": {
    "9": 0.0004174492,
    "10": 0.0124191072,
    "11": 0.0083489948,
    "12": 0.1348880783,
    "12.2": 5.21812e-05,
    "13": 0.1268000736,
    "14": 0.1872781087,
    "15": 0.1424550827,
    "16": 0.1162600675,
    "16.2": 0.0001043621,
    "17": 0.1009180586,
    "18": 0.0769672447,
    "18.1": 0.0001043621,
    "18.3": 5.21812e-05,
    "19": 0.053433531,
    "20": 0.020663712,
    "21": 0.0074619143,
    "22": 0.0059486535,
    "23": 0.0023481514,
    "24": 0.0014088908,
    "25": 0.0010436206,
    "26": 0.0003130872,
    "27": 0.0003130872
  },
  "PENTA_E": {
    "5": 0.0736265815,
    "6": 0.000157546,
    "7": 0.1720409567,
    "8": 0.0127086968,
    "9": 0.0139165965,
    "10": 0.1051889736,
    "11": 0.099411675,
    "12": 0.1578619603,
    "13": 0.0817664794,
    "14": 0.0570841856,
    "15": 0.0673247831,
    "16": 0.0546684863,
    "17": 0.0525153868,
    "17.4": 5.25154e-05,
    "18": 0.0234743941,
    "19": 0.0096103276,
    "20": 0.0082449179,
    "21": 0.0091901977,
    "22": 0.0009452778,
    "23": 0.000105031,
    "24": 0.000105031
  },
  "D5S818": {
    "7": 0.0010433009,
    "8": 0.0011476309,
    "9": 0.03656763,
    "10": 0.0587901482,
    "11": 0.3881063182,
    "12": 0.3520082886,
    "13": 0.1507561236,
    "14": 0.0100156082,
    "15": 0.0015649513
  },
  "D13S317": {
    "7": 0.000104341,
    "8": 0.1182180129,
    "9": 0.0754382082,
    "10": 0.0888982097,
    "11": 0.2615820285,
    "12": 0.2910580317,
    "13": 0.1116440122,
    "14": 0.0519094057,
    "15": 0.0011477501
  },
  "D7S820": {
    "6": 0.0002608793,
    "6.3": 0.0001565272,
    "7": 0.0194615201,
    "8": 0.1598661655,
    "8.1": 0.0002087032,
    "8.3": 5.21761e-05,
    "9": 0.1721801782,
    "9.1": 0.0004174064,
    "10": 0.25117426,
    "10.1": 0.0002608793,
    "10.3": 5.21761e-05,
    "11": 0.2097462171,
    "11.1": 0.0017218018,
    "11.3": 5.21761e-05,
    "12": 0.142022147,
    "12.1": 0.0001565272,
    "13": 0.0359491372,
    "14": 0.005843716,
    "15": 0.0004174064
  },
  "D16S539": {
    "6": 0.0001565269,
    "8": 0.0101220944,
    "9": 0.1359179243,
    "10": 0.0544714697,
    "11": 0.3064798293,
    "12": 0.2856098409,
    "13": 0.1729629037,
    "14": 0.0317749823,
    "15": 0.0025044286
  },
  "CSF1PO": {
    "7": 0.0006264357,
    "8": 0.0030799684,
    "9": 0.0221340887,
    "10": 0.2471808734,
    "10.3": 5.2203e-05,
    "11": 0.298861847,
    "12": 0.3298708311,
    "13": 0.0812277584,
    "14": 0.0133117932,
    "15": 0.0036019982,
    "16": 5.2203e-05
  },
  "PENTA_D": {
    "2.2": 0.000208834,
    "6": 0.0055863012,
    "7": 0.0057429312,
    "8": 0.0187428039,
    "8.2": 5.22084e-05,
    "9": 0.2148900447,
    "9.1": 0.000104416,
    "9.4": 5.22084e-05,
    "10": 0.1256140261,
    "11": 0.1236290257,
    "11.4": 0.000104416,
    "12": 0.2349380489,
    "12.2": 5.22084e-05,
    "12.4": 5.22084e-05,
    "13": 0.1942670404,
    "13.3": 0.000104416,
    "13.4": 0.0005220841,
    "14": 0.0572204119,
    "14.1": 0.0004176681,
    "15": 0.014618403,
    "15.1": 5.22084e-05,
    "16": 0.0016706703,
    "17": 0.0012530003,
    "18": 0.000104416
  },
  "VWA": {
    "13": 0.0005738132,
    "14": 0.0908712335,
    "15": 0.0830464306,
    "16": 0.206416076,
    "17": 0.2965571093,
    "18": 0.2107460776,
    "19": 0.0903495333,
    "20": 0.0192488071,
    "21": 0.0016692706,
    "22": 5.21648e-05,
    "23": 5.21648e-05,
    "24": 0.0004173192
  },
  "D8S1179": {
    "8": 0.0127282056,
    "9": 0.0095461742,
    "10": 0.0913928402,
    "10.3": 5.21648e-05,
    "11": 0.0737089324,
    "12": 0.1389670612,
    "13": 0.3257171434,
    "14": 0.215754095,
    "15": 0.1029210453,
    "16": 0.0261346115,
    "17": 0.0029212313,
    "18": 0.0001564951
  },
  "TPOX": {
    "5": 0.000104373,
    "6": 0.000104373,
    "7": 0.0005218661,
    "8": 0.5539080859,
    "9": 0.103382016,
    "10": 0.0545871085,
    "11": 0.2498700387,
    "12": 0.0372612058,
    "13": 0.000260933
  },
  "FGA": {
    "16.2": 5.21812e-05,
    "17": 0.0006261736,
    "18": 0.0232205868,
    "19": 0.0602170658,
    "19.2": 0.0001565439,
    "20": 0.1551349119,
    "20.1": 5.21812e-05,
    "20.2": 0.0004174488,
    "21": 0.172510902,
    "21.2": 0.0040701277,
    "22": 0.1753809004,
    "22.2": 0.0082446153,
    "23": 0.1402109204,
    "23.2": 0.0055833868,
    "23.3": 5.21812e-05,
    "24": 0.1296179264,
    "24.2": 0.0006783546,
    "24.3": 5.21812e-05,
    "25": 0.0834375526,
    "25.2": 0.0001043619,
    "26": 0.0321957817,
    "26.2": 5.21812e-05,
    "27": 0.0053746569,
    "28": 0.0021916088,
    "29": 0.0003652678
  },
  "D19S433": {
    "10": 0.000288184,
    "11": 0.0020172898,
    "12": 0.0691642936,
    "12.1": 0.0011527399,
    "12.2": 0.000288184,
    "13": 0.2253599793,
    "13.2": 0.0123918989,
    "14": 0.3706049659,
    "14.2": 0.0126800988,
    "15": 0.1821329832,
    "15.2": 0.0412103962,
    "16": 0.0507204953,
    "16.2": 0.0207492981,
    "17": 0.0066282394,
    "17.2": 0.0025936598,
    "18": 0.000288184,
    "18.2": 0.0017291098
  },
  "D2S1338": {
    "15": 0.0002881841,
    "16": 0.0342939112,
    "17": 0.2066280674,
    "18": 0.1077810351,
    "19": 0.1000000326,
    "20": 0.1515850494,
    "21": 0.0207493068,
    "22": 0.0288184094,
    "23": 0.0861671281,
    "24": 0.1100860359,
    "25": 0.119597039,
    "26": 0.0319885104,
    "27": 0.0020172907
  },
  "D10S1248": {
    "10": 0.0005760371,
    "11": 0.004320281,
    "12": 0.0342742076,
    "13": 0.3159560705,
    "14": 0.309620069,
    "15": 0.1581220353,
    "16": 0.1419930317,
    "17": 0.0311060069,
    "18": 0.0040322609
  },
  "D1S1656": {
    "10": 0.0002880181,
    "11": 0.0740207315,
    "12": 0.1322000563,
    "13": 0.0506912216,
    "14": 0.0783410334,
    "14.3": 0.0034562215,
    "15": 0.1241360529,
    "15.3": 0.0846774361,
    "16": 0.1111750474,
    "16.3": 0.0521313222,
    "17": 0.042338718,
    "17.1": 0.0002880181,
    "17.3": 0.152650065,
    "18": 0.0031682013,
    "18.3": 0.0789171336,
    "19.3": 0.0112327048,
    "20.3": 0.0002880181
  },
  "D22S1045": {
    "11": 0.1414170566,
    "12": 0.0112327045,
    "13": 0.0051843321,
    "14": 0.0365783146,
    "15": 0.3332371333,
    "16": 0.3741361497,
    "17": 0.0869816348,
    "18": 0.010080604,
    "19": 0.0011520705
  },
  "D2S441": {
    "8": 0.0011520704,
    "9": 0.0008640553,
    "9.1": 0.0002880181,
    "10": 0.1949880653,
    "11": 0.3842171287,
    "11.3": 0.0403226135,
    "12": 0.0380184127,
    "12.3": 0.0005760372,
    "13": 0.0308180103,
    "13.1": 0.0008640553,
    "14": 0.2704490906,
    "15": 0.0322581108,
    "16": 0.0051843317
  },
  "D12S391": {
    "14": 0.0001043621,
    "15": 0.0447716262,
    "16": 0.0279691164,
    "16.3": 0.0001043621,
    "17": 0.1239300726,
    "17.1": 5.21814e-05,